{
  "format_version": "1.13.0",
  "minecraft:ore_feature": {
    "description": {
      "identifier": "lago_addon:lago_addon_lego_box_ore_feature"
    },
    "count": 1,
    "places_block": "lago_addon:lego_box",
    "may_replace": [
      "minecraft:tallgrass",
      "minecraft:tallgrass",
      "minecraft:yellow_flower",
      "minecraft:red_flower",
      "minecraft:red_flower",
      "minecraft:red_flower",
      "minecraft:red_flower",
      "minecraft:red_flower",
      "minecraft:red_flower",
      "minecraft:red_flower",
      "minecraft:red_flower",
      "minecraft:red_flower",
      "minecraft:red_flower",
      "minecraft:red_flower"
    ]
  }
}