{
  "format_version": [
    1,
    1,
    0
  ],
  "lago_addon:lego_box": {
    "textures": {
      "up": "lago_addon_lego_box_up",
      "down": "lago_addon_lego_box_down",
      "south": "lago_addon_lego_box_south",
      "north": "lago_addon_lego_box_north",
      "west": "lago_addon_lego_box_west",
      "east": "lago_addon_lego_box_east"
    },
    "sound": "cloth"
  },
  "lago_addon:lego_red": {
    "textures": {
      "up": "lago_addon_lego_red_up",
      "down": "lago_addon_lego_red_down",
      "south": "lago_addon_lego_red_south",
      "north": "lago_addon_lego_red_north",
      "west": "lago_addon_lego_red_west",
      "east": "lago_addon_lego_red_east"
    },
    "sound": "metal"
  },
  "lago_addon:lego_blue": {
    "textures": {
      "up": "lago_addon_lego_blue_up",
      "down": "lago_addon_lego_blue_down",
      "south": "lago_addon_lego_blue_south",
      "north": "lago_addon_lego_blue_north",
      "west": "lago_addon_lego_blue_west",
      "east": "lago_addon_lego_blue_east"
    },
    "sound": "stone"
  },
  "lago_addon:lego_yellow": {
    "textures": {
      "up": "lago_addon_lego_yellow_up",
      "down": "lago_addon_lego_yellow_down",
      "south": "lago_addon_lego_yellow_south",
      "north": "lago_addon_lego_yellow_north",
      "west": "lago_addon_lego_yellow_west",
      "east": "lago_addon_lego_yellow_east"
    },
    "sound": "metal"
  }
}