{
  "resource_pack_name": "vanilla",
  "texture_name": "atlas.terrain",
  "padding": 8,
  "num_mip_levels": 0,
  "texture_data": {
    "lago_addon_lego_box_up": {
      "textures": [
        "textures/blocks/side_yellow"
      ]
    },
    "lago_addon_lego_box_down": {
      "textures": [
        "textures/blocks/side_yellow"
      ]
    },
    "lago_addon_lego_box_south": {
      "textures": [
        "textures/blocks/box1frontt"
      ]
    },
    "lago_addon_lego_box_north": {
      "textures": [
        "textures/blocks/box1back"
      ]
    },
    "lago_addon_lego_box_west": {
      "textures": [
        "textures/blocks/box1left"
      ]
    },
    "lago_addon_lego_box_east": {
      "textures": [
        "textures/blocks/box1right"
      ]
    },
    "lago_addon_lego_red_up": {
      "textures": [
        "textures/blocks/top_red"
      ]
    },
    "lago_addon_lego_red_down": {
      "textures": [
        "textures/blocks/bottom_red"
      ]
    },
    "lago_addon_lego_red_south": {
      "textures": [
        "textures/blocks/side_red"
      ]
    },
    "lago_addon_lego_red_north": {
      "textures": [
        "textures/blocks/side_red"
      ]
    },
    "lago_addon_lego_red_west": {
      "textures": [
        "textures/blocks/side_red"
      ]
    },
    "lago_addon_lego_red_east": {
      "textures": [
        "textures/blocks/side_red"
      ]
    },
    "lago_addon_lego_blue_up": {
      "textures": [
        "textures/blocks/top_blue"
      ]
    },
    "lago_addon_lego_blue_down": {
      "textures": [
        "textures/blocks/botttom_blue"
      ]
    },
    "lago_addon_lego_blue_south": {
      "textures": [
        "textures/blocks/side_blue"
      ]
    },
    "lago_addon_lego_blue_north": {
      "textures": [
        "textures/blocks/side_blue"
      ]
    },
    "lago_addon_lego_blue_west": {
      "textures": [
        "textures/blocks/side_blue"
      ]
    },
    "lago_addon_lego_blue_east": {
      "textures": [
        "textures/blocks/side_blue"
      ]
    },
    "lago_addon_lego_yellow_up": {
      "textures": [
        "textures/blocks/top_yellow"
      ]
    },
    "lago_addon_lego_yellow_down": {
      "textures": [
        "textures/blocks/bottom_yellow"
      ]
    },
    "lago_addon_lego_yellow_south": {
      "textures": [
        "textures/blocks/side_yellow"
      ]
    },
    "lago_addon_lego_yellow_north": {
      "textures": [
        "textures/blocks/side_yellow"
      ]
    },
    "lago_addon_lego_yellow_west": {
      "textures": [
        "textures/blocks/side_yellow"
      ]
    },
    "lago_addon_lego_yellow_east": {
      "textures": [
        "textures/blocks/side_yellow"
      ]
    }
  }
}