{"packs":[{"can_be_redownloaded":false,"name":"FURNICRAFT Behavior","uuid":"72a4212d-0171-47e9-9393-9b75a5126f2e","version":[1,1,0]},{"can_be_redownloaded":false,"name":"APG Letters [Behavior]","uuid":"543bd6b7-02cc-4b0c-bc7c-b80a30e789ee","version":[1,0,0]},{"can_be_redownloaded":false,"name":"§lFURNICRAFT Behavior","uuid":"bde99a5f-8e66-469e-a844-b659a26f4386","version":[1,1,8]},{"can_be_redownloaded":false,"name":"Behavior Pack","uuid":"ee649bcf-256c-4013-9068-6a802b89d756","version":[0,0,1]},{"can_be_redownloaded":false,"name":"§f§lFloating Text","uuid":"2cc70a5c-73d2-11ea-bc55-0242ac130003","version":[0,0,1]}]}
