{"packs":[{"can_be_redownloaded":false,"name":"APG Letters [Resource]","uuid":"1a8acd94-e42d-4836-b429-b5f7ce1014ed","version":[1,0,0]},{"can_be_redownloaded":false,"name":"FURNICRAFT Texture","uuid":"95663446-3ff6-11e8-b467-0ed5f89f718b","version":[1,0,4]},{"can_be_redownloaded":false,"name":"Mini City","uuid":"8462d400-f2c8-11e6-bc64-92361f002671","version":[0,0,2]},{"can_be_redownloaded":false,"name":"§lFURNICRAFT Texture","uuid":"f588396f-05ed-4863-b372-78717134af7d","version":[1,1,8]},{"can_be_redownloaded":false,"name":"All in One Creator Pack","uuid":"770319e7-aaa3-4012-884b-856ab01bd6dc","version":[1,0,0]},{"can_be_redownloaded":false,"name":"Invisible Rails Creator Pack","uuid":"84f6ac41-31fd-461f-9e2b-c9cde8765998","version":[1,0,0]},{"can_be_redownloaded":false,"name":"Smooth Grass Creator Pack","uuid":"60af3809-c44b-40f3-9255-f35839dbffbf","version":[1,0,0]},{"can_be_redownloaded":false,"name":"§6Parallax §bShaders","uuid":"bd88e677-ea92-d64d-45b0-56f0ea4644ca","version":[1,0,2]},{"can_be_redownloaded":false,"name":"Thorpe PE Textures","uuid":"08b9757e-3692-11e9-b210-d663bd873d93","version":[1,0,0]},{"can_be_redownloaded":false,"name":"Thorpe PE: Additional Sounds","uuid":"08b9757e-3692-11e9-b210-d663bd873d98","version":[1,0,0]},{"can_be_redownloaded":false,"name":"Invisible Item Frames Resource Pack","uuid":"2bde09ed-a286-4f04-9232-c1b7474a442d","version":[0,0,1]},{"can_be_redownloaded":false,"name":"§eNCS §fDisc Pack§r","uuid":"66c6e9a8-3093-462a-9c36-dbb054165822","version":[1,0,0]}]}
